{"conditions": {"yes_words": ["yes", "ya", "yea", "yeah", "i do", "ok", "okay", "y"], "no_words": ["no", "nope", "nah", "na", "dont", "do not", "n"], "family_words": ["family"], "friends_words": ["friend"], "bad_words": ["bad", "crappy", "shitty", "not good"],"good_words": ["good", "great", "awesome"]},
  "nodes": [
    {
      "id": "welcome",
      "children": ["feelingGood", "howlongfeel"],
      "text": "I am glad to have you here today, How are you feeling?"
    },
    {
      "id": "howlongfeel",
      "children": ["prescribedmeds"],
      "condition": "bad_words",
      "text": "How long have you been feeling like this?",
      "default":  true
    },
    {
      "id": "feelingGood",
      "children": ["howlongfeel"],
      "condition": "good_words",
      "text": "Thats good to hear!",
      "print": true
    },
    {
      "id": "prescribedmeds",
      "children": ["prescribedmedsyes", "seekprofessional"],
      "text": "Has a doctor ever prescribed medication to you to help with depression, anxiety, behavior, or mental problems (such as Ritalin, antidepressants, etc.)?"
    },
    {
      "id": "prescribedmedsyes",
      "children": ["prescribedmedsfor"],
      "condition": "yes_words",
      "text": "What were they prescribed for?"
    },
    {
      "id": "prescribedmedsfor",
      "children": ["medstoday"],
      "text": "Did they seem to help?"
    },
    {
      "id": "medstoday",
      "children": ["seekprofessional"],
      "text": "Are you still on this medication today?"
    },
    {
      "id": "seekprofessional",
      "children": ["psychiatrichospital"],
      "text": "Have you sought out any professional medical service in the last 30 days?",
      "default": ["prescribedmeds"]
    },
    {
      "id": "psychiatrichospital",
      "children": ["psychiatrichospitalyes","suicidalthoughts"],
      "text": "Have you ever been placed in a psychiatric hospital?"
    },
    {
      "id": "psychiatrichospitalyes",
      "children": ["suicidalthoughts"],
      "condition": "yes_words",
      "text": "what was the reason you were in a psychiatric hospital?"
    },
    {
      "id": "suicidalthoughts",
      "children": ["suicidalthoughtsyes", "suicidalthoughtsno"],
      "text": "Have you had any suicidal thoughts lately?",
      "default": ["psychiatrichospital"]
    },
    {
      "id": "suicidalthoughtsyes",
      "children": ["suicidalthoughtsno"],
      "condition": "yes_words",
      "text": "Is there any reason why?"
    },
    {
      "id": "suicidalthoughtsno",
      "children": ["hurtingothers"],
      "condition": "no_words",
      "text": "What about any thoughts about self-harm?",
      "default": true
    },
    {
      "id": "hurtingothers",
      "children": ["chargedwithcrime"],
      "text": "Have you though of hurting others?"
    },
    {
      "id": "chargedwithcrime",
      "children": ["chargedwithcrimeyes","chargedwithcrimeno"],
      "text": "Have you ever been arrested or charged with a crime before?"
    },
    {
      "id": "chargedwithcrimeyes",
      "children": ["whenlastcrime"],
      "condition": "yes_words",
      "text": "What was the crime that you commited?"
    },
    {
      "id": "whenlastcrime",
      "children": ["supportgroup"],
      "text": "When was the last time you commited a crime?"
    },
    {
      "id": "chargedwithcrimeno",
      "children": ["supportgroup"],
      "condition": "no_words",
      "text": "Have you ever committed a serious offense that you never took legal action for?"
     
    },
    {
      "id": "supportgroup",
      "children": ["supportgroupfriends", "supportgroupfamily", "supportgroupnone"],
      "text": "Do you have any support groups like friends or family that you can talk to?"
    },
    {
      "id": "supportgroupfriends",
      "children": ["activelyworking"],
      "text": "Have you tried including your family in your support group?",
      "condition": "friends_words"
    },
    {
      "id": "supportgroupfamily",
      "children": ["activelyworking"],
      "text": "Have you tried including your friends in your support group?",
      "condition": "family_words"
    },
    {
      "id": "supportgroupnone",
      "children": ["talkingyes", "talkingno"],
      "default": true,
      "text": "Have you tried talking to your friends and family about how you are feeling?"
    },
    {
      "id": "talkingyes",
      "children": ["activelyworking"],
      "condition": "yes_words",
      "text": "That's good, it's good to have someone to talk to.",
      "print": true
    },
    {
      "id": "talkingno",
      "children": ["activelyworking"],
      "condition": "no_words",
      "default": true,
      "text": "You should have someone outside of therapy to talk to about these feelings you are having.",
      "print": true
    },
    {
      "id": "activelyworking",
      "children": ["whereworking", "activelyworkingno"],
      "text": "Are you actively working right now?"
    },
    {
      "id": "whereworking",
      "children": ["enjoyworking"],
      "condition": "yes_words",
      "text": "Where are you working?"
    },
    {
      "id": "enjoyworking",
      "children": ["coworkers"],
      "text": "Do you enjoy working there?"
    },
    {
      "id": "coworkers",
      "children": ["nonprescribed"],
      "text": "How are your coworkers?Can you tell me something interesting about one of them?"
    },
    {
      "id": "activelyworkingno",
      "children": ["leavingwork"],
      "condition": "no_words",
      "text": "When did you last work?",
      "default": true
    },
  
    {
      "id": "leavingwork",
      "children": ["payingbills"],
      "text": "What was your reasoning for leaving?"
    },
    {
      "id": "payingbills",
      "children": ["nonprescribed"],
      "text": "How are you paying for your bills at the moment?"
    },
    {
      "id": "nonprescribed",
      "children": ["nonprescribedyes", "nonprescribedno"],
      "text": "Have you been taking any non-prescribed drugs?"
    },
    {
      "id": "nonprescribedyes",
      "children": ["physicalactivity"],
      "condition": "yes_words",
      "text": "Drugs and alcohol can be highly addictive, you should try to refrain from taking them in high quantities.",
      "print": true
    },
    {
      "id": "nonprescribedno",
      "children": ["physicalactivity"],
      "condition": "no_words",
      "text": "Good. Drugs and alcohol can be highly addictive.",
      "print": true,
      "default": true
    },
    {
      "id": "physicalactivity",
      "children": ["physicalactivityyes", "physicalactivityno"],
      "text": "Are you doing any physical activities?"
    },
    {
      "id": "physicalactivityyes",
      "children": ["socializedeventsyes", "socializedeventsno"],
      "condition": "yes_words",
      "text": "How about any social organized events?"
    },
    {
      "id": "socializedeventsyes",
      "children": ["videogames"],
      "condition": "yes_words",
      "text": "Good, physical activity and socializing with others is good for your mental health.",
      "print": true
    },
    {
      "id": "socializedeventsno",
      "children": ["videogames"],
      "condition": "no_words",
      "text": "You should look for some group sports its good for your mental health.",
      "print": true,
      "default": true
    },
    {
      "id": "physicalactivityno",
      "children": ["videogames"],
      "condition": "no_words",
      "text": "You should look for some group sports its good for your mental health.",
      "print": true,
      "default": true
    },
    {
      "id": "videogames",
      "children": ["favouritegameyes","favouritegameno"],
      "text": "Do you play any games or video games in your free time?"
    },
    {
      "id": "favouritegameyes",
      "children": ["whyfavourite"],
      "condition": "yes_words",
      "text": "What is your favorite game?"
    },
    {
      "id": "whyfavourite",
      "children": ["favouritegamecont"],
      "text": "Why is that your favourite game?"
    },
    {
      "id": "favouritegamecont",
      "children": ["wrapup"],
      "text": "That's good to hear, it's good to have a stress reliever that you can have at any moment’s notice"
    },
    {
      "id": "favouritegameno",
      "children": ["whynogames"],
      "condition": "no_words",
      "text": "How come you dont play games?",
      "default": true
    },
    {
      "id": "whynogames",
      "children": ["wrapup"],
      "text": "Video games are a great way to relieve stress and are available almost always so you   should try to find a game that you may enjoy. It can really help brighten one’s mood!"
    },
    {
      "id": "wrapup",
      "children": ["otherquestions"],
      "text": "Okay that wraps up our session for today. For homework this week you should write down how you are feeling each day on a scale from 1-100?"
    },
    {
      "id": "otherquestions",
      "children": ["seeyou"],
      "text": "Do you have any other questions?"
    },
    {
      "id": "seeyou",
      "children": [null],
      "text": "Great, hope to see you next week!"
    }
  ]
}

